0	read_3_from_SIRV604
0	read_89_from_SIRV612
0	read_94_from_SIRV612
0	read_100_from_SIRV604
0	read_9_from_SIRV612
0	read_1_from_SIRV612
0	read_48_from_SIRV601
0	read_40_from_SIRV601
0	read_107_from_SIRV610
1	read_59_from_SIRV703
1	read_33_from_SIRV703
1	read_44_from_SIRV701
1	read_41_from_SIRV705
1	read_66_from_SIRV701
1	read_105_from_SIRV705
2	read_4_from_SIRV508
2	read_31_from_SIRV508
2	read_46_from_SIRV505
2	read_58_from_SIRV505
2	read_53_from_SIRV505
3	read_77_from_SIRV201
3	read_83_from_SIRV201
3	read_63_from_SIRV201
3	read_80_from_SIRV202
4	read_47_from_SIRV603
4	read_11_from_SIRV603
4	read_14_from_SIRV603
4	read_17_from_SIRV603
5	read_2_from_SIRV504
5	read_12_from_SIRV504
5	read_10_from_SIRV504
6	read_20_from_SIRV301
6	read_76_from_SIRV301
6	read_57_from_SIRV301
7	read_6_from_SIRV409
7	read_90_from_SIRV409
7	read_98_from_SIRV409
8	read_110_from_SIRV615
8	read_15_from_SIRV615
8	read_21_from_SIRV615
9	read_87_from_SIRV701
9	read_73_from_SIRV701
10	read_119_from_SIRV306
10	read_75_from_SIRV306
11	read_99_from_SIRV702
11	read_8_from_SIRV702
12	read_93_from_SIRV201
12	read_65_from_SIRV202
13	read_27_from_SIRV303
13	read_35_from_SIRV302
14	read_78_from_SIRV303
14	read_5_from_SIRV302
15	read_86_from_SIRV103
15	read_84_from_SIRV102
16	read_88_from_SIRV304
16	read_97_from_SIRV304
17	read_112_from_SIRV706
17	read_19_from_SIRV708
18	read_62_from_SIRV706
18	read_92_from_SIRV708
19	read_55_from_SIRV309
19	read_70_from_SIRV309
20	read_85_from_SIRV307
20	read_34_from_SIRV307
21	read_68_from_SIRV206
21	read_50_from_SIRV206
22	read_7_from_SIRV703
23	read_69_from_SIRV701
24	read_45_from_SIRV301
25	read_56_from_SIRV510
26	read_36_from_SIRV504
27	read_13_from_SIRV705
28	read_22_from_SIRV306
29	read_42_from_SIRV306
30	read_67_from_SIRV508
31	read_30_from_SIRV505
32	read_108_from_SIRV303
33	read_61_from_SIRV303
34	read_117_from_SIRV502
35	read_72_from_SIRV202
36	read_25_from_SIRV501
37	read_26_from_SIRV501
38	read_64_from_SIRV101
39	read_106_from_SIRV601
40	read_120_from_SIRV601
41	read_39_from_SIRV103
42	read_18_from_SIRV613
43	read_28_from_SIRV613
44	read_29_from_SIRV610
45	read_71_from_SIRV605
46	read_109_from_SIRV304
47	read_101_from_SIRV106
48	read_74_from_SIRV106
49	read_52_from_SIRV410
50	read_43_from_SIRV410
51	read_54_from_SIRV509
52	read_113_from_SIRV309
53	read_82_from_SIRV107
54	read_16_from_SIRV107
55	read_116_from_SIRV105
56	read_51_from_SIRV105
57	read_118_from_SIRV405
58	read_91_from_SIRV406
59	read_111_from_SIRV406
60	read_38_from_SIRV406
61	read_102_from_SIRV310
62	read_60_from_SIRV404
63	read_23_from_SIRV408
64	read_115_from_SIRV607
65	read_114_from_SIRV511
66	read_96_from_SIRV503
67	read_37_from_SIRV507
68	read_79_from_SIRV308
69	read_32_from_SIRV614
70	read_103_from_SIRV614
71	read_81_from_SIRV704
72	read_49_from_SIRV206
73	read_24_from_SIRV512
74	read_95_from_SIRV618
75	read_104_from_SIRV311
